compound,moas
castanospermine,['glucosidase inhibitor']
TCN201,['glutamate receptor antagonist']
geldanamycin,['HSP inhibitor']
aminopurvalanol-a,['CDK inhibitor']
fludarabine,['ribonucleotide reductase inhibitor']
nimodipine,['calcium channel blocker']
dyphylline,['phosphodiesterase inhibitor']
ZK-93423,['benzodiazepine receptor agonist']
procaine,['HMGCR inhibitor']
ilomastat,['matrix metalloprotease inhibitor']
quinidine,['sodium channel blocker']
fludarabine-phosphate,['ribonucleotide reductase inhibitor']
taladegib,['smoothened receptor antagonist']
LGK-974,['porcupine inhibitor']
CCG-63802,['G protein signaling inhibitor']
PHA-793887,['CDK inhibitor']
picrotin,['GABA receptor antagonist']
PF-03758309,['p21 activated kinase inhibitor']
zaprinast,['phosphodiesterase inhibitor']
FERb-033,['EGFR inhibitor']
NBQX,['glutamate receptor antagonist']
NVS-PAK1-1,['p21 activated kinase inhibitor']
WH-4-023,['src inhibitor']
glyburide,['ATP channel blocker']
benzamil,['sodium channel blocker']
AZD1283,['purinergic receptor antagonist']
AK-7,['SIRT inhibitor']
danusertib,"['growth factor receptor inhibitor', 'Aurora kinase inhibitor']"
IWP-L6,['porcupine inhibitor']
ME-0328,['PPAR receptor antagonist']
baclofen,['benzodiazepine receptor agonist']
SRC-kinase-inhibitor-I,['src inhibitor']
IRL-2500,['endothelin receptor antagonist']
miconazole,['bacterial cell wall synthesis inhibitor']
NSC-625987,['CDK inhibitor']
sotrastaurin,['PKC inhibitor']
miglitol,['glucosidase inhibitor']
CYM-5520,['sphingosine 1 phosphate receptor agonist']
PF-06463922,['ALK tyrosine kinase receptor inhibitor']
VU591,['potassium channel blocker']
KU-60019,['ATM kinase inhibitor']
ibudilast,['phosphodiesterase inhibitor']
octreotide,['somatostatin receptor agonist']
niflumic-acid,['cyclooxygenase inhibitor']
ryuvidine,['histone lysine methyltransferase inhibitor']
AZD7762,['CHK inhibitor']
ibutilide,['potassium channel blocker']
regorafenib,"['PDGFR tyrosine kinase receptor inhibitor', 'RAF inhibitor', 'KIT inhibitor', 'RET tyrosine kinase inhibitor', 'FGFR inhibitor', 'VEGFR inhibitor']"
CYT-997,['tubulin polymerization inhibitor']
KU-55933,['ATM kinase inhibitor']
ponatinib,"['PDGFR tyrosine kinase receptor inhibitor', 'FLT3 inhibitor', 'Bcr-Abl kinase inhibitor']"
GNF-5,['Bcr-Abl kinase inhibitor']
amiloride,['sodium channel blocker']
flupirtine,['glutamate receptor antagonist']
felodipine,['calcium channel blocker']
lercanidipine,['calcium channel blocker']
4-methylhistamine,['histamine receptor agonist']
AZD9668,['elastase inhibitor']
spiroxatrine,['serotonin receptor antagonist']
orantinib,"['FGFR inhibitor', 'PDGFR tyrosine kinase receptor inhibitor', 'VEGFR inhibitor']"
brinzolamide,['carbonic anhydrase inhibitor']
salicylic-acid,['cyclooxygenase inhibitor']
phenylbutazone,"['cyclooxygenase inhibitor', 'prostanoid receptor antagonist']"
desonide,['glucocorticoid receptor agonist']
bepridil,['calcium channel blocker']
GSK3787,['PPAR receptor antagonist']
formononetin,['alcohol dehydrogenase inhibitor']
CYM-50260,['sphingosine 1 phosphate receptor agonist']
ganetespib,['HSP inhibitor']
triamterene,['sodium channel blocker']
homoharringtonine,['protein synthesis inhibitor']
CC-401,['JNK inhibitor']
dalbavancin,['bacterial cell wall synthesis inhibitor']
TG-02,"['CDK inhibitor', 'FLT3 inhibitor', 'JAK inhibitor']"
edoxaban,['coagulation factor inhibitor']
puromycin,['protein synthesis inhibitor']
vitamin-E,['PKC inhibitor']
anisomycin,['DNA synthesis inhibitor']
NS-309,['calcium-activated potassium channel activator']
cediranib,"['KIT inhibitor', 'VEGFR inhibitor']"
NS-11021,['calcium-activated potassium channel activator']
simvastatin,['HMGCR inhibitor']
BRL-50481,['phosphodiesterase inhibitor']
acetohexamide,['ATP channel blocker']
PP-121,['protein tyrosine kinase inhibitor']
PP-1,['src inhibitor']
GSK-37647,['free fatty acid receptor agonist']
cilostazol,['phosphodiesterase inhibitor']
UNC2025,['FLT3 inhibitor']
ZM-336372,['RAF inhibitor']
sulfasalazine,['cyclooxygenase inhibitor']
dexamethasone,['glucocorticoid receptor agonist']
zamifenacin,['acetylcholine receptor antagonist']
NSC-95397,['CDC inhibitor']
NVP-HSP990,['HSP inhibitor']
SKLB1002,['VEGFR inhibitor']
ethoxzolamide,['carbonic anhydrase inhibitor']
RGB-286638,['CDK inhibitor']
ixabepilone,['microtubule stabilizing agent']
xanomeline,['acetylcholine receptor agonist']
UNC1999,['histone lysine methyltransferase inhibitor']
TUG-891,['free fatty acid receptor agonist']
A205804,['ICAM1 expression inhibitor']
TG-101348,"['JAK inhibitor', 'FLT3 inhibitor']"
EI1,['histone lysine methyltransferase inhibitor']
purvalanol-a,['CDK inhibitor']
GSK1070916,['Aurora kinase inhibitor']
Ro-20-1724,['phosphodiesterase inhibitor']
GW-311616,['elastase inhibitor']
dalfampridine,['potassium channel blocker']
picrotoxinin,['GABA receptor antagonist']
SB-202190,['p38 MAPK inhibitor']
arcyriaflavin-a,['CDK inhibitor']
FPS-ZM1,['RAGE receptor antagonist']
AZ191,['DYRK inhibitor']
nicotine,['acetylcholine receptor agonist']
ruxolitinib,['JAK inhibitor']
sorbinil,['aldose reductase inhibitor']
GNF-5837,['growth factor receptor inhibitor']
NSC-663284,['CDC inhibitor']
NVP-AEW541,['IGF-1 inhibitor']
motesanib,"['KIT inhibitor', 'VEGFR inhibitor', 'PDGFR tyrosine kinase receptor inhibitor']"
ceritinib,['ALK tyrosine kinase receptor inhibitor']
dinoprostone,['prostanoid receptor agonist']
bufexamac,['cyclooxygenase inhibitor']
ozanimod,['sphingosine 1 phosphate receptor agonist']
AC-710,['PDGFR tyrosine kinase receptor inhibitor']
apatinib,['RET tyrosine kinase inhibitor']
saclofen,['GABA receptor antagonist']
olanzapine,"['dopamine receptor antagonist', 'serotonin receptor antagonist']"
N-alpha-Methylhistamine-dihydrochloride,['histamine receptor agonist']
filgotinib,['JAK inhibitor']
Ro-1138452,['prostanoid receptor antagonist']
acalabrutinib,"[""Bruton's tyrosine kinase (BTK) inhibitor""]"
7-hydroxystaurosporine,"['CDK inhibitor', 'PKC inhibitor', 'CHK inhibitor']"
SU3327,['JNK inhibitor']
aripiprazole,['serotonin receptor antagonist']
sodium-butyrate,['HDAC inhibitor']
droxinostat,['HDAC inhibitor']
meclofenamic-acid,"['cyclooxygenase inhibitor', 'prostanoid receptor antagonist']"
KI-16425,['lysophosphatidic acid receptor antagonist']
NSC-632839,['ubiquitin specific protease inhibitor']
4-CMTB,['free fatty acid receptor agonist']
trihexyphenidyl,['acetylcholine receptor antagonist']
ML-323,['ubiquitin specific protease inhibitor']
fomepizole,['alcohol dehydrogenase inhibitor']
KH-CB19,['CDC inhibitor']
efaroxan,['adrenergic receptor antagonist']
CGP-53353,"['PKC inhibitor', 'EGFR inhibitor']"
thiostrepton,['protein synthesis inhibitor']
misoprostol,['prostanoid receptor agonist']
CCG-50014,['G protein signaling inhibitor']
KG-5,['RAF inhibitor']
cycloheximide,['protein synthesis inhibitor']
epothilone-b,"['microtubule stabilizing agent', 'tubulin polymerization inhibitor']"
diltiazem,['calcium channel blocker']
alrestatin,['aldose reductase inhibitor']
paliperidone,"['dopamine receptor antagonist', 'serotonin receptor antagonist']"
SirReal-2,['SIRT inhibitor']
AVL-292,"[""Bruton's tyrosine kinase (BTK) inhibitor""]"
polydatin,['ICAM1 expression inhibitor']
somatostatin,['somatostatin receptor agonist']
batimastat,['matrix metalloprotease inhibitor']
oxibendazole,['tubulin polymerization inhibitor']
CYM-5442,['sphingosine 1 phosphate receptor agonist']
citric-acid,['coagulation factor inhibitor']
A-987306,['histamine receptor antagonist']
TC-S-7004,['DYRK inhibitor']
azeliragon,['RAGE receptor antagonist']
nilvadipine,['calcium channel blocker']
amlodipine,['calcium channel blocker']
BMS-536924,['IGF-1 inhibitor']
guanidine,['HSP inhibitor']
RGFP966,['HDAC inhibitor']
SB-203580,['p38 MAPK inhibitor']
olopatadine,['histamine receptor antagonist']
CP-724714,"['EGFR inhibitor', 'protein tyrosine kinase inhibitor']"
SB-505124,['ALK tyrosine kinase receptor inhibitor']
terazosin,['adrenergic receptor antagonist']
RX-821002,['adrenergic receptor antagonist']
trazodone,"['adrenergic receptor antagonist', 'serotonin receptor antagonist']"
PP-2,['src inhibitor']
methoxsalen,['DNA synthesis inhibitor']
AMG900,['Aurora kinase inhibitor']
H2L-5765834,['lysophosphatidic acid receptor antagonist']
romidepsin,['HDAC inhibitor']
pazopanib,"['KIT inhibitor', 'VEGFR inhibitor', 'PDGFR tyrosine kinase receptor inhibitor']"
prasugrel,['purinergic receptor antagonist']
leflunomide,['PDGFR tyrosine kinase receptor inhibitor']
BQ-788,['endothelin receptor antagonist']
M-25,['smoothened receptor antagonist']
pentostatin,['ribonucleotide reductase inhibitor']
