compound,mean_average_precision,p_value,corrected_p_value,below_p,below_corrected_p
1-EBIO,0.0542665624034793,0.11738826117388261,0.16331302649551557,False,False
1-octanol,0.040958916248717996,0.197980201979802,0.23355476952304768,False,False
"2,5-furandimethanol",0.03442173527230626,0.2752724727527247,0.2973489127955532,False,False
2-Oleoylglycerol,0.047344004803512696,0.14728527147285272,0.18847522027458272,False,False
4-CMTB,0.06918714329941215,0.07389261073892611,0.11270489112704891,False,False
4-methylhistamine,0.07877810141210564,0.05779422057794221,0.0916976365190706,False,False
7-hydroxystaurosporine,0.8582868190011047,9.999000099990002e-05,0.0002796016694626834,True,True
A-987306,0.6175271818128961,9.999000099990002e-05,0.0002796016694626834,True,True
A205804,0.6118947644613165,9.999000099990002e-05,0.0002796016694626834,True,True
AC-710,0.7288834446688958,9.999000099990002e-05,0.0002796016694626834,True,True
AK-7,0.5744684506088553,9.999000099990002e-05,0.0002796016694626834,True,True
AMG900,0.9626417233560092,9.999000099990002e-05,0.0002796016694626834,True,True
ANR-94,0.05680005373381947,0.10718928107189281,0.1519772905338574,False,False
AR-12,0.6423332301739316,9.999000099990002e-05,0.0002796016694626834,True,True
AVL-292,0.6966721192244727,9.999000099990002e-05,0.0002796016694626834,True,True
AZ191,0.9583333333333334,9.999000099990002e-05,0.0002796016694626834,True,True
AZD1283,0.04660781929229623,0.15258474152584742,0.19280582402010843,False,False
AZD7762,0.8409693781222944,9.999000099990002e-05,0.0002796016694626834,True,True
AZD9668,0.037901828624321496,0.22857714228577142,0.25951239462519915,False,False
BAM7,0.07121093999943769,0.0700929907009299,0.10745219894254229,False,False
BAN-ORL-24,0.7826527899836171,9.999000099990002e-05,0.0002796016694626834,True,True
BAX-channel-blocker,0.7225161916505846,9.999000099990002e-05,0.0002796016694626834,True,True
BAY-87-2243,0.4631807359442687,0.00019998000199980003,0.0005440897351706272,True,True
BI-2536,0.8372169809423042,9.999000099990002e-05,0.0002796016694626834,True,True
BMS-536924,0.8919028722600152,9.999000099990002e-05,0.0002796016694626834,True,True
BMS-587101,0.04023299660568785,0.20467953204679531,0.23683225547177084,False,False
BQ-788,0.0885911976234187,0.04839516048395161,0.08030405750633729,True,False
BRL-50481,0.053952705754235976,0.11888811118888111,0.1639461624613794,False,False
BVT-948,0.6151287791940403,9.999000099990002e-05,0.0002796016694626834,True,True
CC-401,0.2293178072860533,0.0026997300269973002,0.006176655061766551,True,True
CCG-50014,0.1292467228941628,0.022297770222977704,0.04156744819345227,True,True
CCG-63802,0.0989273237183238,0.041495850414958506,0.07160998185895696,True,False
CGP-53353,0.12096608958956452,0.024797520247975203,0.04511356093306332,True,True
CP-724714,0.3028226556176,0.000999900009999,0.0024352403469330487,True,True
CVT-10216,0.0338234558621936,0.28557144285571445,0.30582473667526866,False,False
CYM-50260,0.06727365202427432,0.07689231076892311,0.11669084347846623,False,False
CYM-50358,0.16937671501283016,0.017998200179982,0.0371341244253953,True,True
CYM-5442,0.87610187431616,9.999000099990002e-05,0.0002796016694626834,True,True
CYM-5520,0.03657390676635358,0.24277572242775722,0.2715491413821581,False,False
CYT-997,0.6043263042290449,9.999000099990002e-05,0.0002796016694626834,True,True
DDR1-IN-1,0.648417723469911,9.999000099990002e-05,0.0002796016694626834,True,True
DG-172,0.8184996220710506,9.999000099990002e-05,0.0002796016694626834,True,True
EI1,0.07327026732005396,0.0653934606539346,0.1012760262435295,False,False
FERb-033,0.08005743364828018,0.05649435056494351,0.091236865618251,False,False
FK-866,0.4359296991797975,9.999000099990002e-05,0.0002796016694626834,True,True
FPS-ZM1,0.0360126748003904,0.24977502249775022,0.27630790034549657,False,False
GK921,0.6868664668664669,9.999000099990002e-05,0.0002796016694626834,True,True
GNF-5,0.308655395213986,0.000999900009999,0.0024352403469330487,True,True
GNF-5837,0.831915108700823,9.999000099990002e-05,0.0002796016694626834,True,True
GSK-37647,0.13006313312512335,0.021897810218978103,0.041075395566033464,True,True
GSK1070916,0.8131533810105239,9.999000099990002e-05,0.0002796016694626834,True,True
GSK2110183,0.8405970810807428,9.999000099990002e-05,0.0002796016694626834,True,True
GSK3787,0.07870512244898478,0.05779422057794221,0.0916976365190706,False,False
GW-311616,0.052165944695649565,0.1257874212578742,0.16808761601715932,False,False
H2L-5765834,0.04995216969784887,0.1344865513448655,0.1758222446153653,False,False
IRL-2500,0.03432920826815458,0.2766723327667233,0.2973489127955532,False,False
IWP-L6,0.14806387866162746,0.0193980601939806,0.037794930184400916,True,True
JTE-013,0.15723519309283793,0.0183981601839816,0.037290230708472774,True,True
JTE-607,0.6630842387763238,9.999000099990002e-05,0.0002796016694626834,True,True
KG-5,0.7021550061770097,9.999000099990002e-05,0.0002796016694626834,True,True
KH-CB19,0.04527501478130972,0.16148385161483853,0.20320051328200517,False,False
KI-16425,0.05613826284384516,0.1110888911108889,0.1567703042779834,False,False
KU-55933,0.7982356980548806,9.999000099990002e-05,0.0002796016694626834,True,True
KU-60019,0.7496695729573881,9.999000099990002e-05,0.0002796016694626834,True,True
L-Cystine,0.044953946053928544,0.1633836616338366,0.20389200749346553,False,False
L-proline,0.0484603037798743,0.1411858814118588,0.18221425720675796,False,False
LDN-212854,0.722350152182085,9.999000099990002e-05,0.0002796016694626834,True,True
LDN-27219,0.08955550986593178,0.047995200479952004,0.08030405750633729,True,False
LGK-974,0.029834400919666625,0.3588641135886411,0.3686291234822096,False,False
LOXO-101,0.0756152185472193,0.06239376062393761,0.09814018598140187,False,False
LY2109761,0.8458340601197744,9.999000099990002e-05,0.0002796016694626834,True,True
M-25,0.055114367577244146,0.11408859114088592,0.15951275242846086,False,False
MCOPPB,0.9965986394557823,9.999000099990002e-05,0.0002796016694626834,True,True
ME-0328,0.10155169953711626,0.05579442055794421,0.09059094090590941,False,False
ML-193,0.09955823185188668,0.040995900409959006,0.07115380415981391,True,False
ML-228,0.04507620672337836,0.1625837416258374,0.20373564303320707,False,False
ML-323,0.1681153163588743,0.017998200179982,0.0371341244253953,True,True
N-alpha-Methylhistamine-dihydrochloride,0.06636680991855753,0.07899210078992101,0.11927807219278072,False,False
N6-cyclopentyladenosine,0.161184272815614,0.018198180181981802,0.0371341244253953,True,True
NBQX,0.026080664112175005,0.45765423457654236,0.46070526280705265,False,False
NNC-55-0396,0.7918099650927565,9.999000099990002e-05,0.0002796016694626834,True,True
NQDI-1,0.0931860480296479,0.045995400459954004,0.07847802790342434,True,False
NS-11021,0.8886217323216421,9.999000099990002e-05,0.0002796016694626834,True,True
NS-309,0.14894821037717135,0.0192980701929807,0.037794930184400916,True,True
NSC-625987,0.21232212909288833,0.004299570042995701,0.009547574654299276,True,True
NSC-632839,0.6398272365398332,9.999000099990002e-05,0.0002796016694626834,True,True
NSC-663284,0.6159246107554378,9.999000099990002e-05,0.0002796016694626834,True,True
NSC-95397,0.5874843118776619,9.999000099990002e-05,0.0002796016694626834,True,True
NVP-ADW742,0.9731292517006802,9.999000099990002e-05,0.0002796016694626834,True,True
NVP-AEW541,0.8951530612244898,9.999000099990002e-05,0.0002796016694626834,True,True
NVP-HSP990,0.3749551625342554,0.00029997000299970003,0.0007742815462043539,True,True
NVS-PAK1-1,0.9926303854875284,9.999000099990002e-05,0.0002796016694626834,True,True
OMDM-2,0.14352909095463007,0.0197980201979802,0.03832693653711552,True,True
PD-98059,0.17275836449496437,0.017798220177982202,0.0371341244253953,True,True
PETCM,0.03099641297666784,0.33396660333966605,0.34778591106406603,False,False
PF-03758309,0.19541778740375768,0.0020997900209979003,0.00484073730031577,True,True
PF-04217903,0.04130408562232085,0.193980601939806,0.22973388935616243,False,False
PF-05190457,0.21223495038908832,0.004299570042995701,0.009547574654299276,True,True
PF-06463922,0.8745896612437966,9.999000099990002e-05,0.0002796016694626834,True,True
PF-431396,0.9094104308390022,9.999000099990002e-05,0.0002796016694626834,True,True
PF-915275,0.15327987756966605,0.0187981201879812,0.03754756103337034,True,True
PFI-1,0.25047383644563265,0.0016998300169983002,0.003948835885642205,True,True
PHA-793887,0.825271763939485,9.999000099990002e-05,0.0002796016694626834,True,True
PP-1,0.7810657596371883,9.999000099990002e-05,0.0002796016694626834,True,True
PP-121,0.9029195011337868,9.999000099990002e-05,0.0002796016694626834,True,True
PP-2,0.9196712018140589,9.999000099990002e-05,0.0002796016694626834,True,True
RGB-286638,0.9695294784580498,9.999000099990002e-05,0.0002796016694626834,True,True
RGFP966,0.9965986394557823,9.999000099990002e-05,0.0002796016694626834,True,True
RKI-1447,1.0,9.999000099990002e-05,0.0002796016694626834,True,True
RX-821002,0.05270898828072002,0.12338766123387661,0.1670989851687477,False,False
Ro-1138452,0.15022506263195784,0.019098090190980903,0.0376968839063806,True,True
Ro-20-1724,0.030140015848857234,0.3518648135186481,0.36267294772229264,False,False
SB-202190,0.3940693120214169,0.00029997000299970003,0.0007742815462043539,True,True
SB-203580,0.9965986394557823,9.999000099990002e-05,0.0002796016694626834,True,True
SB-505124,0.6844153178519444,9.999000099990002e-05,0.0002796016694626834,True,True
SGX523,0.02946205070841402,0.3661633836616338,0.37429973218894325,False,False
SKLB1002,0.5364702432350237,9.999000099990002e-05,0.0002796016694626834,True,True
SRC-kinase-inhibitor-I,0.7522984609948342,9.999000099990002e-05,0.0002796016694626834,True,True
SU3327,0.6721149421324846,9.999000099990002e-05,0.0002796016694626834,True,True
SirReal-2,0.18316417034484922,0.014798520147985201,0.03192252203351094,True,True
TC-S-7004,0.6374750253906427,9.999000099990002e-05,0.0002796016694626834,True,True
TCN201,0.08562442286291563,0.05089491050894911,0.08353403790055777,False,False
TFC-007,0.029441647379043177,0.3668633136686331,0.37429973218894325,False,False
TG-003,0.19898712245246747,0.0064993500649935,0.014223215359623457,True,True
TG-02,0.7374933899778621,9.999000099990002e-05,0.0002796016694626834,True,True
TG-101348,0.8593639165067737,9.999000099990002e-05,0.0002796016694626834,True,True
TUG-891,0.04704171213643094,0.14908509149085092,0.1899734077225189,False,False
U-0521,0.11261811117634475,0.028097190280971903,0.05050804443365188,True,False
UNC1999,0.7892031404636447,9.999000099990002e-05,0.0002796016694626834,True,True
UNC2025,0.8808578987150416,9.999000099990002e-05,0.0002796016694626834,True,True
VU591,0.12226470624754075,0.0244975502449755,0.045111342524284156,True,True
WH-4-023,0.7763765265644965,9.999000099990002e-05,0.0002796016694626834,True,True
YC-1,0.6185382300339618,9.999000099990002e-05,0.0002796016694626834,True,True
ZK-93423,0.38979609137429266,9.999000099990002e-05,0.0002796016694626834,True,True
ZK811752,0.19557862481094498,0.007499250074992501,0.016293334695307447,True,True
ZM-336372,0.3239274538962829,0.000999900009999,0.0024352403469330487,True,True
acalabrutinib,0.03535442272940872,0.25937406259374063,0.285879441252955,False,False
acetohexamide,0.04392875360397514,0.17118288171182883,0.21100910317131552,False,False
acetylcysteine,0.078293120951943,0.05799420057994201,0.0916976365190706,False,False
afimoxifene,0.06582319894412134,0.08029197080291971,0.12004047120040472,False,False
alda-1,0.026024602252684863,0.45965403459654036,0.4611811244124757,False,False
aloxistatin,0.9260255617398474,9.999000099990002e-05,0.0002796016694626834,True,True
alrestatin,0.04328262779495129,0.17588241175882413,0.2133192303259634,False,False
amiloride,0.05313772609361523,0.12208779122087791,0.16683490022038522,False,False
aminopurvalanol-a,0.6771001756181777,9.999000099990002e-05,0.0002796016694626834,True,True
amlexanox,0.06400181385603952,0.0836916308369163,0.12329206103779865,False,False
amlodipine,0.460032154585317,0.00019998000199980003,0.0005440897351706272,True,True
anandamide,0.0960800317448018,0.0438956104389561,0.07532087700320877,True,False
anisomycin,0.7429220667186506,9.999000099990002e-05,0.0002796016694626834,True,True
apatinib,0.3158137591219199,0.000999900009999,0.0024352403469330487,True,True
arcyriaflavin-a,0.9844671201814058,9.999000099990002e-05,0.0002796016694626834,True,True
aripiprazole,0.539453465439675,9.999000099990002e-05,0.0002796016694626834,True,True
arundic-acid,0.04151676210763154,0.19218078192180782,0.22849841000151955,False,False
ascorbic-acid,0.16093444641890126,0.018198180181981802,0.0371341244253953,True,True
azacitidine,0.37708929954236325,9.999000099990002e-05,0.0002796016694626834,True,True
azathioprine,0.04363284344139995,0.17368263173682633,0.2123569019616257,False,False
azeliragon,0.5289668582310955,9.999000099990002e-05,0.0002796016694626834,True,True
baclofen,0.05813536643386701,0.10208979102089791,0.14681484232529127,False,False
batimastat,0.638137352944254,9.999000099990002e-05,0.0002796016694626834,True,True
benzamil,0.11143341683331807,0.029097090290970903,0.051995983833569306,True,False
bepridil,0.16092835384740686,0.018198180181981802,0.0371341244253953,True,True
briciclib,0.671891996891997,9.999000099990002e-05,0.0002796016694626834,True,True
brinzolamide,0.05792468927570782,0.10258974102589741,0.14683460563896217,False,False
bufexamac,0.4826135323104939,9.999000099990002e-05,0.0002796016694626834,True,True
buparlisib,0.8256415793937908,9.999000099990002e-05,0.0002796016694626834,True,True
carzenide,0.14002810850868735,0.020097990200979902,0.038659828284687454,True,True
castanospermine,0.04337200430494944,0.17518248175182483,0.2133192303259634,False,False
cediranib,0.983843537414966,9.999000099990002e-05,0.0002796016694626834,True,True
ceritinib,0.8051492819349962,9.999000099990002e-05,0.0002796016694626834,True,True
cetilistat,0.07503548363407786,0.0627937206279372,0.09825753175977738,False,False
cilostazol,0.08767675714524169,0.049095090490950906,0.08102031326921953,True,False
citric-acid,0.037233286689837046,0.23467653234676533,0.2634658467238778,False,False
colchicine,0.5248416153822278,9.999000099990002e-05,0.0002796016694626834,True,True
conivaptan,0.6281055310034693,9.999000099990002e-05,0.0002796016694626834,True,True
coumarin,0.05185268259249459,0.126987301269873,0.16833492089387556,False,False
cycloheximide,0.8617505335467521,9.999000099990002e-05,0.0002796016694626834,True,True
cyclophosphamide,0.037997065276494164,0.22727727227277272,0.2590103253825561,False,False
cyclosporine,0.9346371882086169,9.999000099990002e-05,0.0002796016694626834,True,True
dalbavancin,0.04472056362085721,0.1650834916508349,0.20516549168128453,False,False
dalfampridine,0.024025324809676323,0.5304469553044695,0.5304469553044695,False,False
danusertib,0.8450378092268329,9.999000099990002e-05,0.0002796016694626834,True,True
deferasirox,0.6598943009124586,9.999000099990002e-05,0.0002796016694626834,True,True
delanzomib,0.9689342403628117,9.999000099990002e-05,0.0002796016694626834,True,True
desonide,0.21778058790724206,0.0031996800319968005,0.007211219176589804,True,True
dexamethasone,0.18029339890168486,0.0027997200279972004,0.006357259010941012,True,True
diacerein,0.08449686754716759,0.051794820517948204,0.08455154484551544,False,False
dilazep,0.040371307144429436,0.20367963203679632,0.23683225547177084,False,False
diltiazem,0.06432387184484423,0.08339166083391661,0.12329206103779865,False,False
dinoprostone,0.13082148879924466,0.021597840215978402,0.04076592340765923,True,True
droxinostat,0.7699881160193546,9.999000099990002e-05,0.0002796016694626834,True,True
dyphylline,0.04244948965434681,0.18318168183181682,0.21865955696920428,False,False
edoxaban,0.11580116792605895,0.026997300269973004,0.04882146515887333,True,True
efaproxiral,0.030231694136521953,0.3498650134986501,0.3618466920431244,False,False
efaroxan,0.03760820571388769,0.23147685231476853,0.26118134455211195,False,False
enflurane,0.031613577675434885,0.32356764323567644,0.3400305802753058,False,False
enilconazole,0.071382146157303,0.06969303069693031,0.10738415954322936,False,False
epoprostenol,0.03801532540829172,0.22727727227277272,0.2590103253825561,False,False
epothilone-b,0.9784580498866214,9.999000099990002e-05,0.0002796016694626834,True,True
ethoxzolamide,0.027804965244663405,0.40615938406159385,0.4116111878745011,False,False
ethyl-pyruvate,0.040779516004566196,0.19938006199380062,0.2336169483826811,False,False
felodipine,0.04408026058550248,0.16898310168983102,0.2091512160259384,False,False
filgotinib,0.44983525276437913,0.00019998000199980003,0.0005440897351706272,True,True
flindokalner,0.04071121727757789,0.19958004199580043,0.2336169483826811,False,False
fludarabine,0.7072316684027425,9.999000099990002e-05,0.0002796016694626834,True,True
fludarabine-phosphate,0.9719387755102041,9.999000099990002e-05,0.0002796016694626834,True,True
flufenamic-acid,0.03501031796769405,0.2652734726527347,0.2892151218091187,False,False
flupirtine,0.1210473833663506,0.024797520247975203,0.04511356093306332,True,True
fomepizole,0.03828633298023308,0.22427757224277572,0.2585184229668636,False,False
formononetin,0.10563817812976169,0.0332966703329667,0.059150555532682024,True,False
gabapentin-enacarbil,0.15242913019054002,0.0188981101889811,0.03754756103337034,True,True
ganetespib,0.5196465650057454,9.999000099990002e-05,0.0002796016694626834,True,True
geldanamycin,0.639139591177892,9.999000099990002e-05,0.0002796016694626834,True,True
glutamine-(l),0.051807721503584044,0.12708729127087293,0.16833492089387556,False,False
glyburide,0.05419183193733964,0.11788821117888211,0.16331302649551557,False,False
guanidine,0.03756951967395826,0.23177682231776822,0.26118134455211195,False,False
halopemide,1.0,9.999000099990002e-05,0.0002796016694626834,True,True
hexestrol,0.05539451930244336,0.1126887311268873,0.15828835721079054,False,False
homoharringtonine,0.8354686318972033,9.999000099990002e-05,0.0002796016694626834,True,True
ibudilast,0.05044719434325357,0.1326867313268673,0.17498424830006082,False,False
ibutamoren,0.06508064392396022,0.08189181081891811,0.12182919639070576,False,False
ibutilide,0.060458790887546486,0.0933906609339066,0.13691252233999898,False,False
ilomastat,0.1353778722905116,0.0206979302069793,0.03956186659815031,True,True
ingenol-mebutate,0.7343338957433535,9.999000099990002e-05,0.0002796016694626834,True,True
isoflurane,0.03528695290203914,0.2608739126087391,0.28648698766486985,False,False
ixabepilone,0.6435711036551373,9.999000099990002e-05,0.0002796016694626834,True,True
leflunomide,0.12580032394827684,0.0231976802319768,0.04297975110464414,True,True
lercanidipine,0.3937357288783936,0.00029997000299970003,0.0007742815462043539,True,True
lonafarnib,0.9321772952889908,9.999000099990002e-05,0.0002796016694626834,True,True
loperamide,0.2821385469131129,0.0011998800119988001,0.0028532579812884855,True,True
meclofenamic-acid,0.031268721614382676,0.32986701329867013,0.34470532185535774,False,False
menadione,0.49302545674805515,9.999000099990002e-05,0.0002796016694626834,True,True
methoxsalen,0.05854275520721874,0.100989901009899,0.14592799093296413,False,False
miconazole,0.19937056414827053,0.0064993500649935,0.014223215359623457,True,True
miglitol,0.056828285015528036,0.1070892910708929,0.1519772905338574,False,False
minocycline,0.2890952755429085,0.0011998800119988001,0.0028532579812884855,True,True
misoprostol,0.3005983529039227,0.000999900009999,0.0024352403469330487,True,True
motesanib,0.4112398124849187,0.00029997000299970003,0.0007742815462043539,True,True
nafamostat,0.3263342967620492,0.000999900009999,0.0024352403469330487,True,True
nalmefene,0.0897437045103284,0.047995200479952004,0.08030405750633729,True,False
nevirapine,0.027835799457978764,0.40545945405459455,0.4116111878745011,False,False
nialamide,0.030938853722564535,0.33566643335666435,0.34835485523612586,False,False
nicotine,0.04677609739001338,0.15128487151284872,0.1919665176339509,False,False
niflumic-acid,0.03810903302543909,0.2263773622637736,0.2590103253825561,False,False
nilvadipine,0.08837605061504339,0.04839516048395161,0.08030405750633729,True,False
nimodipine,0.15323486991768337,0.0187981201879812,0.03754756103337034,True,True
octreotide,0.05973105357077773,0.09549045095490451,0.1393145709583631,False,False
olanzapine,0.43918062868501406,0.00029997000299970003,0.0007742815462043539,True,True
olopatadine,0.05000131267915523,0.1342865713428657,0.1758222446153653,False,False
orantinib,0.05373011367024819,0.12008799120087991,0.16484806064848062,False,False
oxibendazole,0.6204590383161811,9.999000099990002e-05,0.0002796016694626834,True,True
oxytocin,0.04309926729540344,0.17848215178482152,0.21560643935606438,False,False
ozagrel,0.05878966872697434,0.0994900509949005,0.14445190096374977,False,False
ozanimod,0.542658982739714,9.999000099990002e-05,0.0002796016694626834,True,True
paliperidone,0.032680900300236564,0.30346965303469653,0.3238439406942698,False,False
pazopanib,0.847700985812682,9.999000099990002e-05,0.0002796016694626834,True,True
pentostatin,0.17664454500410792,0.017598240175982403,0.0371341244253953,True,True
phenolphthalein,0.08917475810574572,0.048295170482951705,0.08030405750633729,True,False
phenylbutazone,0.09997105335937738,0.040495950404959506,0.07069235273004491,True,False
picrotin,0.05243628142284597,0.12458754124587541,0.16797070292970703,False,False
picrotoxinin,0.03437094263856751,0.275972402759724,0.2973489127955532,False,False
pidolic-acid,0.042840628493461055,0.18048195180481952,0.21629186287720434,False,False
polydatin,0.7334225613840089,9.999000099990002e-05,0.0002796016694626834,True,True
ponatinib,0.4280218310717209,0.00029997000299970003,0.0007742815462043539,True,True
prasugrel,0.2593336024667022,0.0015998400159984002,0.0037746225377462256,True,True
procaine,0.04970498645623324,0.13538646135386462,0.17623582469339272,False,False
puromycin,0.5046563149378505,9.999000099990002e-05,0.0002796016694626834,True,True
purvalanol-a,0.5828997916411331,9.999000099990002e-05,0.0002796016694626834,True,True
pyrrolidine-dithiocarbamate,0.2983621632440433,0.000999900009999,0.0024352403469330487,True,True
quinidine,0.28484931619911397,0.0011998800119988001,0.0028532579812884855,True,True
quinine,0.05224580944215455,0.1254874512548745,0.16808761601715932,False,False
racecadotril,0.036145201649831364,0.24817518248175183,0.2755474452554744,False,False
regorafenib,0.604368675131615,9.999000099990002e-05,0.0002796016694626834,True,True
rifamycin,0.03155070839606416,0.32426757324267574,0.3400305802753058,False,False
riociguat,0.03513307565114798,0.26317368263173685,0.28796540635791495,False,False
romidepsin,0.8103763286282083,9.999000099990002e-05,0.0002796016694626834,True,True
ruxolitinib,0.590225285000253,9.999000099990002e-05,0.0002796016694626834,True,True
ryuvidine,0.6023756722252963,9.999000099990002e-05,0.0002796016694626834,True,True
saclofen,0.1042449982660912,0.03469653034696531,0.06092065212083443,True,False
sacubitril,0.052903771309476426,0.12288771122887711,0.1670989851687477,False,False
salicylic-acid,0.06586226742365302,0.08029197080291971,0.12004047120040472,False,False
simvastatin,0.7658229060373744,9.999000099990002e-05,0.0002796016694626834,True,True
sodium-butyrate,0.7122886492000605,9.999000099990002e-05,0.0002796016694626834,True,True
somatostatin,0.03440196606555578,0.27547245275472454,0.2973489127955532,False,False
sorbinil,0.02662730873513323,0.44125587441255876,0.4456831908782366,False,False
sotrastaurin,0.7828702693198492,9.999000099990002e-05,0.0002796016694626834,True,True
spiroxatrine,0.10553793365061084,0.0334966503349665,0.05915782690736774,True,False
sulfasalazine,0.07419974354443107,0.063993600639936,0.09961890408897255,False,False
sulfinpyrazone,0.04024593089871459,0.20467953204679531,0.23683225547177084,False,False
taladegib,0.048561250364771526,0.14108589141085892,0.18221425720675796,False,False
terazosin,0.04383972147883309,0.17218278172182783,0.21137886211378862,False,False
thioguanine,0.9626164689034861,9.999000099990002e-05,0.0002796016694626834,True,True
thiostrepton,0.4693225589959292,9.999000099990002e-05,0.0002796016694626834,True,True
torcitabine,0.03640982388077434,0.24467553244675533,0.2726642464904801,False,False
tranilast,0.2530195007522834,0.0016998300169983002,0.003948835885642205,True,True
trazodone,0.032318759076795545,0.30986901309869014,0.3283524279151032,False,False
triamterene,0.16418736137412432,0.018198180181981802,0.0371341244253953,True,True
trihexyphenidyl,0.032325711246966385,0.3097690230976902,0.3283524279151032,False,False
trometamol,0.03186958395558745,0.31886811318868113,0.3367068887516843,False,False
vitamin-E,0.07892184568214841,0.057694230576942306,0.0916976365190706,False,False
xanomeline,0.042981597124907754,0.17968203179682032,0.21619112989099495,False,False
zamifenacin,0.04754555900075436,0.14588541145885411,0.18747827344925083,False,False
zaprinast,0.1331932914938146,0.021097890210978902,0.04007272228751967,True,True
