moas,mean_average_precision,p_value,corrected_p_value,below_p,below_corrected_p
ALK tyrosine kinase receptor inhibitor,0.0719443131892046,0.5261473852614739,1.0,False,False
ATM kinase inhibitor,0.4914056329374133,9.999000099990002e-05,0.0006416025064160251,True,True
ATP channel blocker,0.03060627587098837,0.8546145385461453,1.0,False,False
Aurora kinase inhibitor,0.7109748569887787,9.999000099990002e-05,0.0006416025064160251,True,True
Bcr-Abl kinase inhibitor,0.03298152034812495,0.8655134486551345,1.0,False,False
Bruton's tyrosine kinase (BTK) inhibitor,0.028362396071229527,0.9148085191480851,1.0,False,False
CDC inhibitor,0.20182906023748598,0.0015998400159984002,0.008212512082125121,True,True
CDK inhibitor,0.43032964609963764,9.999000099990002e-05,0.0006416025064160251,True,True
CHK inhibitor,0.7865285141647002,9.999000099990002e-05,0.0006416025064160251,True,True
DNA synthesis inhibitor,0.022497481056553508,0.9964003599640036,1.0,False,False
DYRK inhibitor,0.029630980968059613,0.8808119188081192,1.0,False,False
EGFR inhibitor,0.08004437665312213,0.40015998400159986,1.0,False,False
FGFR inhibitor,0.04912851596237879,0.37136286371362864,1.0,False,False
FLT3 inhibitor,0.3849926119385177,9.999000099990002e-05,0.0006416025064160251,True,True
G protein signaling inhibitor,0.045015070122122185,0.45765423457654236,1.0,False,False
GABA receptor antagonist,0.06137684704388775,0.7652234776522348,1.0,False,False
HDAC inhibitor,0.09723518122926958,0.5532446755324467,1.0,False,False
HMGCR inhibitor,0.04613272269183854,0.43315668433156684,1.0,False,False
HSP inhibitor,0.431287346999514,9.999000099990002e-05,0.0006416025064160251,True,True
ICAM1 expression inhibitor,0.032234026730469906,0.8062193780621938,1.0,False,False
IGF-1 inhibitor,0.11127886638603914,0.05829417058294171,0.23624479657297429,False,False
JAK inhibitor,0.16702740437438143,0.0010998900109989002,0.006049395060493951,True,True
JNK inhibitor,0.022390213277122522,0.9967003299670033,1.0,False,False
KIT inhibitor,0.15006079199057534,0.006299370062993701,0.028532440873559706,True,True
PDGFR tyrosine kinase receptor inhibitor,0.17198320980752488,0.4326567343265673,1.0,False,False
PKC inhibitor,0.09224651425734821,0.8500149985001499,1.0,False,False
PPAR receptor antagonist,0.038261608664629375,0.9681031896810319,1.0,False,False
RAF inhibitor,0.05008524686335593,0.9626037396260374,1.0,False,False
RAGE receptor antagonist,0.031036891607022464,0.8421157884211579,1.0,False,False
RET tyrosine kinase inhibitor,0.035588519300857026,0.7638236176382361,1.0,False,False
SIRT inhibitor,0.05797368213552141,0.260973902609739,0.9134086591340866,False,False
VEGFR inhibitor,0.16490247925437634,0.14058594140585942,0.5154817851548179,False,False
acetylcholine receptor agonist,0.044440404871200115,0.46815318468153183,1.0,False,False
acetylcholine receptor antagonist,0.05244662064364416,0.33286671332866713,1.0,False,False
adrenergic receptor antagonist,0.08035979792123525,0.968003199680032,1.0,False,False
alcohol dehydrogenase inhibitor,0.03661375701300777,0.6675332466753324,1.0,False,False
aldose reductase inhibitor,0.03365907696662168,0.7590240975902409,1.0,False,False
bacterial cell wall synthesis inhibitor,0.02742793345812015,0.9352064793520648,1.0,False,False
benzodiazepine receptor agonist,0.03711883525596407,0.9711028897110289,1.0,False,False
calcium channel blocker,0.16327059547856318,0.6614338566143385,1.0,False,False
calcium-activated potassium channel activator,0.03116562265093678,0.8718128187181282,1.0,False,False
carbonic anhydrase inhibitor,0.034581472543360456,0.7277272272772722,1.0,False,False
coagulation factor inhibitor,0.03433592465578227,0.7365263473652635,1.0,False,False
cyclooxygenase inhibitor,0.1375406095381035,0.7758224177582241,1.0,False,False
dopamine receptor antagonist,0.037894785190657206,0.6950304969503049,1.0,False,False
elastase inhibitor,0.034367945795393824,0.7669233076692331,1.0,False,False
endothelin receptor antagonist,0.042982418216940044,0.5015498450154985,1.0,False,False
free fatty acid receptor agonist,0.07083509875106427,0.5488451154884512,1.0,False,False
glucocorticoid receptor agonist,0.24741340405298068,9.999000099990002e-05,0.0006416025064160251,True,True
glucosidase inhibitor,0.03367676957542487,0.7586241375862414,1.0,False,False
glutamate receptor antagonist,0.05807665943423681,0.8429157084291571,1.0,False,False
growth factor receptor inhibitor,0.03031523723519018,1.0,1.0,False,False
histamine receptor agonist,0.03671636513322729,0.6655334466553344,1.0,False,False
histamine receptor antagonist,0.043177117261786475,0.49495050494950504,1.0,False,False
histone lysine methyltransferase inhibitor,0.08061499148047564,0.37166283371662834,1.0,False,False
lysophosphatidic acid receptor antagonist,0.03126152291789836,0.8367163283671633,1.0,False,False
matrix metalloprotease inhibitor,0.19853091141036144,0.003999600039996,0.01924807519248075,True,True
microtubule stabilizing agent,0.7643238705738706,9.999000099990002e-05,0.0006416025064160251,True,True
p21 activated kinase inhibitor,0.045287571902541436,0.8167183281671833,1.0,False,False
p38 MAPK inhibitor,0.3636038870521855,0.00019998000199980003,0.0011844969349218925,True,True
phosphodiesterase inhibitor,0.11949098115058251,0.9699030096990301,1.0,False,False
porcupine inhibitor,0.048180400184178455,0.39836016398360163,1.0,False,False
potassium channel blocker,0.06143334749210532,0.764023597640236,1.0,False,False
prostanoid receptor agonist,0.08251699270481025,0.11528847115288471,0.44386061393860615,False,False
prostanoid receptor antagonist,0.05265838947774639,0.9945005499450055,1.0,False,False
protein synthesis inhibitor,0.2547578502095189,9.999000099990002e-05,0.0006416025064160251,True,True
protein tyrosine kinase inhibitor,0.020075647272992957,1.0,1.0,False,False
purinergic receptor antagonist,0.037167752935601414,0.6533346665333467,1.0,False,False
ribonucleotide reductase inhibitor,0.2833894616500744,9.999000099990002e-05,0.0006416025064160251,True,True
serotonin receptor antagonist,0.1169684254596501,0.7432256774322568,1.0,False,False
smoothened receptor antagonist,0.05637313453899473,0.2793720627937206,0.9352890797876734,False,False
sodium channel blocker,0.08989497329873065,0.7118288171182882,1.0,False,False
somatostatin receptor agonist,0.03914699689155504,0.5969403059694031,1.0,False,False
sphingosine 1 phosphate receptor agonist,0.1498493834399166,0.0438956104389561,0.18777566687775665,True,False
src inhibitor,0.34092369577338777,9.999000099990002e-05,0.0006416025064160251,True,True
tubulin polymerization inhibitor,0.6977227891078643,9.999000099990002e-05,0.0006416025064160251,True,True
ubiquitin specific protease inhibitor,0.036589702725990485,0.6686331366863314,1.0,False,False
