cell_type,compound,crop
A549,AZD7762,BR00117017/I05/10/crops/crop_324_x_863.png
A549,CYT-997,BR00117019/C09/4/crops/crop_871_x_475.png
A549,EI1,BR00116992/E22/1/crops/crop_742_x_369.png
A549,KG-5,BR00117015/C13/9/crops/crop_576_x_707.png
A549,PF-04217903,BR00117019/D07/1/crops/crop_288_x_445.png
A549,ZK-93423,BR00116993/E20/6/crops/crop_152_x_638.png
A549,aminopurvalanol-a,BR00116993/K03/6/crops/crop_323_x_648.png
A549,azacitidine,BR00117016/H05/16/crops/crop_116_x_464.png
U2OS,AZD7762,BR00117012/I05/5/crops/crop_667_x_345.png
U2OS,CYT-997,BR00117011/C09/2/crops/crop_158_x_850.png
U2OS,EI1,BR00117024/E22/6/crops/crop_975_x_234.png
U2OS,KG-5,BR00117026/C13/4/crops/crop_446_x_779.png
U2OS,PF-04217903,BR00117011/D07/6/crops/crop_190_x_392.png
U2OS,ZK-93423,BR00117012/E20/4/crops/crop_788_x_550.png
U2OS,aminopurvalanol-a,BR00117026/K03/5/crops/crop_431_x_952.png
U2OS,azacitidine,BR00117012/J20/6/crops/crop_939_x_461.png
A549,DMSO,BR00116994/I02/9/crops/crop_262_x_620.png
U2OS,DMSO,BR00117024/G09/8/crops/crop_155_x_841.png
